<?xml version="1.0" encoding="ISO-8859-1" ?>
<link_info>
   <banner>TI ARM Linker PC v20.2.7.LTS</banner>
   <copyright>Copyright (c) 1996-2018 Texas Instruments Incorporated</copyright>
   <link_time>0x653aebaa</link_time>
   <link_errors>0x0</link_errors>
   <output_file>LAB7.out</output_file>
   <entry_point>
      <name>_c_int00_noinit_noargs</name>
      <address>0x361</address>
   </entry_point>
   <input_file_list>
      <input_file id="fl-2">
         <path>.\</path>
         <kind>object</kind>
         <file>main.obj</file>
         <name>main.obj</name>
      </input_file>
      <input_file id="fl-3">
         <path>.\</path>
         <kind>object</kind>
         <file>tm4c1230h6pm_startup_ccs.obj</file>
         <name>tm4c1230h6pm_startup_ccs.obj</name>
      </input_file>
      <input_file id="fl-8">
         <kind>object</kind>
         <file>&lt;internal&gt;</file>
         <name>&lt;internal&gt;</name>
      </input_file>
      <input_file id="fl-9">
         <path>C:\ti\TivaWare_C_Series-2.1.4.178\driverlib\ccs\Debug\</path>
         <kind>archive</kind>
         <file>driverlib.lib</file>
         <name>sysctl.obj</name>
      </input_file>
      <input_file id="fl-a">
         <path>C:\ti\TivaWare_C_Series-2.1.4.178\driverlib\ccs\Debug\</path>
         <kind>archive</kind>
         <file>driverlib.lib</file>
         <name>cpu.obj</name>
      </input_file>
      <input_file id="fl-b">
         <path>C:\ti\TivaWare_C_Series-2.1.4.178\driverlib\ccs\Debug\</path>
         <kind>archive</kind>
         <file>driverlib.lib</file>
         <name>interrupt.obj</name>
      </input_file>
      <input_file id="fl-c1">
         <path>C:\ti\ccs1250\ccs\tools\compiler\ti-cgt-arm_20.2.7.LTS\lib\</path>
         <kind>archive</kind>
         <file>rtsv7M4_T_le_v4SPD16_eabi.lib</file>
         <name>copy_zero_init.c.obj</name>
      </input_file>
      <input_file id="fl-c2">
         <path>C:\ti\ccs1250\ccs\tools\compiler\ti-cgt-arm_20.2.7.LTS\lib\</path>
         <kind>archive</kind>
         <file>rtsv7M4_T_le_v4SPD16_eabi.lib</file>
         <name>copy_decompress_none.c.obj</name>
      </input_file>
      <input_file id="fl-c3">
         <path>C:\ti\ccs1250\ccs\tools\compiler\ti-cgt-arm_20.2.7.LTS\lib\</path>
         <kind>archive</kind>
         <file>rtsv7M4_T_le_v4SPD16_eabi.lib</file>
         <name>copy_decompress_lzss.c.obj</name>
      </input_file>
      <input_file id="fl-c4">
         <path>C:\ti\ccs1250\ccs\tools\compiler\ti-cgt-arm_20.2.7.LTS\lib\</path>
         <kind>archive</kind>
         <file>rtsv7M4_T_le_v4SPD16_eabi.lib</file>
         <name>boot_cortex_m.c.obj</name>
      </input_file>
      <input_file id="fl-c5">
         <path>C:\ti\ccs1250\ccs\tools\compiler\ti-cgt-arm_20.2.7.LTS\lib\</path>
         <kind>archive</kind>
         <file>rtsv7M4_T_le_v4SPD16_eabi.lib</file>
         <name>memcpy_t2.asm.obj</name>
      </input_file>
      <input_file id="fl-c6">
         <path>C:\ti\ccs1250\ccs\tools\compiler\ti-cgt-arm_20.2.7.LTS\lib\</path>
         <kind>archive</kind>
         <file>rtsv7M4_T_le_v4SPD16_eabi.lib</file>
         <name>memset_t2.asm.obj</name>
      </input_file>
      <input_file id="fl-c7">
         <path>C:\ti\ccs1250\ccs\tools\compiler\ti-cgt-arm_20.2.7.LTS\lib\</path>
         <kind>archive</kind>
         <file>rtsv7M4_T_le_v4SPD16_eabi.lib</file>
         <name>autoinit.c.obj</name>
      </input_file>
      <input_file id="fl-c8">
         <path>C:\ti\ccs1250\ccs\tools\compiler\ti-cgt-arm_20.2.7.LTS\lib\</path>
         <kind>archive</kind>
         <file>rtsv7M4_T_le_v4SPD16_eabi.lib</file>
         <name>pre_init.c.obj</name>
      </input_file>
      <input_file id="fl-c9">
         <path>C:\ti\ccs1250\ccs\tools\compiler\ti-cgt-arm_20.2.7.LTS\lib\</path>
         <kind>archive</kind>
         <file>rtsv7M4_T_le_v4SPD16_eabi.lib</file>
         <name>cpy_tbl.c.obj</name>
      </input_file>
      <input_file id="fl-ca">
         <path>C:\ti\ccs1250\ccs\tools\compiler\ti-cgt-arm_20.2.7.LTS\lib\</path>
         <kind>archive</kind>
         <file>rtsv7M4_T_le_v4SPD16_eabi.lib</file>
         <name>exit.c.obj</name>
      </input_file>
      <input_file id="fl-cb">
         <path>C:\ti\ccs1250\ccs\tools\compiler\ti-cgt-arm_20.2.7.LTS\lib\</path>
         <kind>archive</kind>
         <file>rtsv7M4_T_le_v4SPD16_eabi.lib</file>
         <name>_lock.c.obj</name>
      </input_file>
      <input_file id="fl-cc">
         <path>C:\ti\ccs1250\ccs\tools\compiler\ti-cgt-arm_20.2.7.LTS\lib\</path>
         <kind>archive</kind>
         <file>rtsv7M4_T_le_v4SPD16_eabi.lib</file>
         <name>args_main.c.obj</name>
      </input_file>
   </input_file_list>
   <object_component_list>
      <object_component id="oc-12">
         <name>.intvecs</name>
         <load_address>0x0</load_address>
         <run_address>0x0</run_address>
         <size>0x26c</size>
         <input_file_ref idref="fl-3"/>
      </object_component>
      <object_component id="oc-c3">
         <name>.text:SysCtlClockSet</name>
         <load_address>0x26c</load_address>
         <run_address>0x26c</run_address>
         <size>0xf4</size>
         <input_file_ref idref="fl-9"/>
      </object_component>
      <object_component id="oc-53">
         <name>.text:_c_int00_noinit_noargs:_c_int00_noinit_noargs</name>
         <load_address>0x360</load_address>
         <run_address>0x360</run_address>
         <size>0x2c</size>
         <input_file_ref idref="fl-c4"/>
      </object_component>
      <object_component id="oc-9b">
         <name>.text</name>
         <load_address>0x38c</load_address>
         <run_address>0x38c</run_address>
         <size>0x10</size>
         <input_file_ref idref="fl-2"/>
      </object_component>
      <object_component id="oc-27">
         <name>.text</name>
         <load_address>0x39c</load_address>
         <run_address>0x39c</run_address>
         <size>0xc</size>
         <input_file_ref idref="fl-3"/>
      </object_component>
      <object_component id="oc-10a">
         <name>.text:SysCtlDelay</name>
         <load_address>0x3a8</load_address>
         <run_address>0x3a8</run_address>
         <size>0x6</size>
         <input_file_ref idref="fl-9"/>
      </object_component>
      <object_component id="oc-95">
         <name>.text:_system_pre_init</name>
         <load_address>0x3ae</load_address>
         <run_address>0x3ae</run_address>
         <size>0x4</size>
         <input_file_ref idref="fl-c8"/>
      </object_component>
      <object_component id="oc-ca">
         <name>.text:abort:abort</name>
         <load_address>0x3b2</load_address>
         <run_address>0x3b2</run_address>
         <size>0x4</size>
         <input_file_ref idref="fl-ca"/>
      </object_component>
      <object_component id="oc-24">
         <name>.stack</name>
         <uninitialized>true</uninitialized>
         <run_address>0x20000000</run_address>
         <size>0x4</size>
         <input_file_ref idref="fl-c4"/>
      </object_component>
      <object_component id="oc-199">
         <name>.stack</name>
         <uninitialized>true</uninitialized>
         <run_address>0x20000000</run_address>
         <size>0x0</size>
      </object_component>
      <object_component id="oc-b2">
         <name>.debug_info</name>
         <load_address>0x0</load_address>
         <run_address>0x0</run_address>
         <size>0x281</size>
         <input_file_ref idref="fl-2"/>
      </object_component>
      <object_component id="oc-9c">
         <name>.debug_info</name>
         <load_address>0x281</load_address>
         <run_address>0x281</run_address>
         <size>0x102</size>
         <input_file_ref idref="fl-2"/>
      </object_component>
      <object_component id="oc-70">
         <name>.debug_info</name>
         <load_address>0x383</load_address>
         <run_address>0x383</run_address>
         <size>0x26b</size>
         <input_file_ref idref="fl-2"/>
      </object_component>
      <object_component id="oc-36">
         <name>.debug_info</name>
         <load_address>0x5ee</load_address>
         <run_address>0x5ee</run_address>
         <size>0x84</size>
         <input_file_ref idref="fl-2"/>
      </object_component>
      <object_component id="oc-ad">
         <name>.debug_info</name>
         <load_address>0x672</load_address>
         <run_address>0x672</run_address>
         <size>0x2a4</size>
         <input_file_ref idref="fl-2"/>
      </object_component>
      <object_component id="oc-75">
         <name>.debug_info</name>
         <load_address>0x916</load_address>
         <run_address>0x916</run_address>
         <size>0xbb</size>
         <input_file_ref idref="fl-2"/>
      </object_component>
      <object_component id="oc-2f">
         <name>.debug_info</name>
         <load_address>0x9d1</load_address>
         <run_address>0x9d1</run_address>
         <size>0x2a4</size>
         <input_file_ref idref="fl-3"/>
      </object_component>
      <object_component id="oc-13">
         <name>.debug_info</name>
         <load_address>0xc75</load_address>
         <run_address>0xc75</run_address>
         <size>0xe3</size>
         <input_file_ref idref="fl-3"/>
      </object_component>
      <object_component id="oc-2b">
         <name>.debug_info</name>
         <load_address>0xd58</load_address>
         <run_address>0xd58</run_address>
         <size>0x25f</size>
         <input_file_ref idref="fl-3"/>
      </object_component>
      <object_component id="oc-111">
         <name>.debug_info</name>
         <load_address>0xfb7</load_address>
         <run_address>0xfb7</run_address>
         <size>0x298</size>
         <input_file_ref idref="fl-9"/>
      </object_component>
      <object_component id="oc-c4">
         <name>.debug_info</name>
         <load_address>0x124f</load_address>
         <run_address>0x124f</run_address>
         <size>0x2db</size>
         <input_file_ref idref="fl-9"/>
      </object_component>
      <object_component id="oc-139">
         <name>.debug_info</name>
         <load_address>0x152a</load_address>
         <run_address>0x152a</run_address>
         <size>0x5f</size>
         <input_file_ref idref="fl-9"/>
      </object_component>
      <object_component id="oc-132">
         <name>.debug_info</name>
         <load_address>0x1589</load_address>
         <run_address>0x1589</run_address>
         <size>0x8b</size>
         <input_file_ref idref="fl-9"/>
      </object_component>
      <object_component id="oc-10c">
         <name>.debug_info</name>
         <load_address>0x1614</load_address>
         <run_address>0x1614</run_address>
         <size>0x18b</size>
         <input_file_ref idref="fl-9"/>
      </object_component>
      <object_component id="oc-25">
         <name>.debug_info</name>
         <load_address>0x179f</load_address>
         <run_address>0x179f</run_address>
         <size>0x10b</size>
         <input_file_ref idref="fl-c4"/>
      </object_component>
      <object_component id="oc-56">
         <name>.debug_info</name>
         <load_address>0x18aa</load_address>
         <run_address>0x18aa</run_address>
         <size>0x1a2</size>
         <input_file_ref idref="fl-c4"/>
      </object_component>
      <object_component id="oc-96">
         <name>.debug_info</name>
         <load_address>0x1a4c</load_address>
         <run_address>0x1a4c</run_address>
         <size>0x153</size>
         <input_file_ref idref="fl-c8"/>
      </object_component>
      <object_component id="oc-cd">
         <name>.debug_info</name>
         <load_address>0x1b9f</load_address>
         <run_address>0x1b9f</run_address>
         <size>0x122</size>
         <input_file_ref idref="fl-ca"/>
      </object_component>
      <object_component id="oc-19a">
         <name>.debug_info</name>
         <load_address>0x1cc1</load_address>
         <run_address>0x1cc1</run_address>
         <size>0x96</size>
      </object_component>
      <object_component id="oc-109">
         <name>.debug_line</name>
         <load_address>0x0</load_address>
         <run_address>0x0</run_address>
         <size>0x58</size>
         <input_file_ref idref="fl-2"/>
      </object_component>
      <object_component id="oc-a0">
         <name>.debug_line</name>
         <load_address>0x58</load_address>
         <run_address>0x58</run_address>
         <size>0x42</size>
         <input_file_ref idref="fl-2"/>
      </object_component>
      <object_component id="oc-73">
         <name>.debug_line</name>
         <load_address>0x9a</load_address>
         <run_address>0x9a</run_address>
         <size>0x6f</size>
         <input_file_ref idref="fl-2"/>
      </object_component>
      <object_component id="oc-39">
         <name>.debug_line</name>
         <load_address>0x109</load_address>
         <run_address>0x109</run_address>
         <size>0x20</size>
         <input_file_ref idref="fl-2"/>
      </object_component>
      <object_component id="oc-b0">
         <name>.debug_line</name>
         <load_address>0x129</load_address>
         <run_address>0x129</run_address>
         <size>0x73</size>
         <input_file_ref idref="fl-2"/>
      </object_component>
      <object_component id="oc-78">
         <name>.debug_line</name>
         <load_address>0x19c</load_address>
         <run_address>0x19c</run_address>
         <size>0x70</size>
         <input_file_ref idref="fl-2"/>
      </object_component>
      <object_component id="oc-6f">
         <name>.debug_line</name>
         <load_address>0x20c</load_address>
         <run_address>0x20c</run_address>
         <size>0x41</size>
         <input_file_ref idref="fl-3"/>
      </object_component>
      <object_component id="oc-2e">
         <name>.debug_line</name>
         <load_address>0x24d</load_address>
         <run_address>0x24d</run_address>
         <size>0x41</size>
         <input_file_ref idref="fl-3"/>
      </object_component>
      <object_component id="oc-29">
         <name>.debug_line</name>
         <load_address>0x28e</load_address>
         <run_address>0x28e</run_address>
         <size>0xa1</size>
         <input_file_ref idref="fl-3"/>
      </object_component>
      <object_component id="oc-138">
         <name>.debug_line</name>
         <load_address>0x32f</load_address>
         <run_address>0x32f</run_address>
         <size>0x13d</size>
         <input_file_ref idref="fl-9"/>
      </object_component>
      <object_component id="oc-c7">
         <name>.debug_line</name>
         <load_address>0x46c</load_address>
         <run_address>0x46c</run_address>
         <size>0xee</size>
         <input_file_ref idref="fl-9"/>
      </object_component>
      <object_component id="oc-13c">
         <name>.debug_line</name>
         <load_address>0x55a</load_address>
         <run_address>0x55a</run_address>
         <size>0x7f</size>
         <input_file_ref idref="fl-9"/>
      </object_component>
      <object_component id="oc-135">
         <name>.debug_line</name>
         <load_address>0x5d9</load_address>
         <run_address>0x5d9</run_address>
         <size>0x20</size>
         <input_file_ref idref="fl-9"/>
      </object_component>
      <object_component id="oc-10f">
         <name>.debug_line</name>
         <load_address>0x5f9</load_address>
         <run_address>0x5f9</run_address>
         <size>0x69</size>
         <input_file_ref idref="fl-9"/>
      </object_component>
      <object_component id="oc-6c">
         <name>.debug_line</name>
         <load_address>0x662</load_address>
         <run_address>0x662</run_address>
         <size>0x33</size>
         <input_file_ref idref="fl-c4"/>
      </object_component>
      <object_component id="oc-55">
         <name>.debug_line</name>
         <load_address>0x695</load_address>
         <run_address>0x695</run_address>
         <size>0x48</size>
         <input_file_ref idref="fl-c4"/>
      </object_component>
      <object_component id="oc-9a">
         <name>.debug_line</name>
         <load_address>0x6dd</load_address>
         <run_address>0x6dd</run_address>
         <size>0x40</size>
         <input_file_ref idref="fl-c8"/>
      </object_component>
      <object_component id="oc-cc">
         <name>.debug_line</name>
         <load_address>0x71d</load_address>
         <run_address>0x71d</run_address>
         <size>0x3c</size>
         <input_file_ref idref="fl-ca"/>
      </object_component>
      <object_component id="oc-9f">
         <name>.debug_frame</name>
         <load_address>0x0</load_address>
         <run_address>0x0</run_address>
         <size>0x58</size>
         <input_file_ref idref="fl-2"/>
      </object_component>
      <object_component id="oc-2a">
         <name>.debug_frame</name>
         <load_address>0x58</load_address>
         <run_address>0x58</run_address>
         <size>0x90</size>
         <input_file_ref idref="fl-3"/>
      </object_component>
      <object_component id="oc-c8">
         <name>.debug_frame</name>
         <load_address>0x1e0</load_address>
         <run_address>0x1e0</run_address>
         <size>0x93</size>
         <input_file_ref idref="fl-9"/>
      </object_component>
      <object_component id="oc-58">
         <name>.debug_frame</name>
         <load_address>0xe8</load_address>
         <run_address>0xe8</run_address>
         <size>0x50</size>
         <input_file_ref idref="fl-c4"/>
      </object_component>
      <object_component id="oc-99">
         <name>.debug_frame</name>
         <load_address>0x138</load_address>
         <run_address>0x138</run_address>
         <size>0x54</size>
         <input_file_ref idref="fl-c8"/>
      </object_component>
      <object_component id="oc-cf">
         <name>.debug_frame</name>
         <load_address>0x18c</load_address>
         <run_address>0x18c</run_address>
         <size>0x54</size>
         <input_file_ref idref="fl-ca"/>
      </object_component>
      <object_component id="oc-108">
         <name>.debug_abbrev</name>
         <load_address>0x0</load_address>
         <run_address>0x0</run_address>
         <size>0x44</size>
         <input_file_ref idref="fl-2"/>
      </object_component>
      <object_component id="oc-c9">
         <name>.debug_abbrev</name>
         <load_address>0x44</load_address>
         <run_address>0x44</run_address>
         <size>0x60</size>
         <input_file_ref idref="fl-2"/>
      </object_component>
      <object_component id="oc-72">
         <name>.debug_abbrev</name>
         <load_address>0xa4</load_address>
         <run_address>0xa4</run_address>
         <size>0x69</size>
         <input_file_ref idref="fl-2"/>
      </object_component>
      <object_component id="oc-38">
         <name>.debug_abbrev</name>
         <load_address>0x10d</load_address>
         <run_address>0x10d</run_address>
         <size>0x1f</size>
         <input_file_ref idref="fl-2"/>
      </object_component>
      <object_component id="oc-af">
         <name>.debug_abbrev</name>
         <load_address>0x12c</load_address>
         <run_address>0x12c</run_address>
         <size>0x5c</size>
         <input_file_ref idref="fl-2"/>
      </object_component>
      <object_component id="oc-77">
         <name>.debug_abbrev</name>
         <load_address>0x188</load_address>
         <run_address>0x188</run_address>
         <size>0x24</size>
         <input_file_ref idref="fl-2"/>
      </object_component>
      <object_component id="oc-6e">
         <name>.debug_abbrev</name>
         <load_address>0x1ac</load_address>
         <run_address>0x1ac</run_address>
         <size>0x68</size>
         <input_file_ref idref="fl-3"/>
      </object_component>
      <object_component id="oc-2d">
         <name>.debug_abbrev</name>
         <load_address>0x214</load_address>
         <run_address>0x214</run_address>
         <size>0x29</size>
         <input_file_ref idref="fl-3"/>
      </object_component>
      <object_component id="oc-6d">
         <name>.debug_abbrev</name>
         <load_address>0x23d</load_address>
         <run_address>0x23d</run_address>
         <size>0x79</size>
         <input_file_ref idref="fl-3"/>
      </object_component>
      <object_component id="oc-137">
         <name>.debug_abbrev</name>
         <load_address>0x2b6</load_address>
         <run_address>0x2b6</run_address>
         <size>0xb0</size>
         <input_file_ref idref="fl-9"/>
      </object_component>
      <object_component id="oc-10b">
         <name>.debug_abbrev</name>
         <load_address>0x366</load_address>
         <run_address>0x366</run_address>
         <size>0x7a</size>
         <input_file_ref idref="fl-9"/>
      </object_component>
      <object_component id="oc-13b">
         <name>.debug_abbrev</name>
         <load_address>0x3e0</load_address>
         <run_address>0x3e0</run_address>
         <size>0x49</size>
         <input_file_ref idref="fl-9"/>
      </object_component>
      <object_component id="oc-134">
         <name>.debug_abbrev</name>
         <load_address>0x429</load_address>
         <run_address>0x429</run_address>
         <size>0x1f</size>
         <input_file_ref idref="fl-9"/>
      </object_component>
      <object_component id="oc-10e">
         <name>.debug_abbrev</name>
         <load_address>0x448</load_address>
         <run_address>0x448</run_address>
         <size>0x35</size>
         <input_file_ref idref="fl-9"/>
      </object_component>
      <object_component id="oc-6b">
         <name>.debug_abbrev</name>
         <load_address>0x47d</load_address>
         <run_address>0x47d</run_address>
         <size>0x29</size>
         <input_file_ref idref="fl-c4"/>
      </object_component>
      <object_component id="oc-a2">
         <name>.debug_abbrev</name>
         <load_address>0x4a6</load_address>
         <run_address>0x4a6</run_address>
         <size>0x55</size>
         <input_file_ref idref="fl-c4"/>
      </object_component>
      <object_component id="oc-c2">
         <name>.debug_abbrev</name>
         <load_address>0x4fb</load_address>
         <run_address>0x4fb</run_address>
         <size>0x55</size>
         <input_file_ref idref="fl-c8"/>
      </object_component>
      <object_component id="oc-112">
         <name>.debug_abbrev</name>
         <load_address>0x550</load_address>
         <run_address>0x550</run_address>
         <size>0x45</size>
         <input_file_ref idref="fl-ca"/>
      </object_component>
      <object_component id="oc-19b">
         <name>.debug_abbrev</name>
         <load_address>0x595</load_address>
         <run_address>0x595</run_address>
         <size>0xf</size>
      </object_component>
      <object_component id="oc-74">
         <name>.debug_str</name>
         <load_address>0x0</load_address>
         <run_address>0x0</run_address>
         <size>0x2a7</size>
         <input_file_ref idref="fl-2"/>
      </object_component>
      <object_component id="oc-3a">
         <name>.debug_str</name>
         <load_address>0x2a7</load_address>
         <run_address>0x2a7</run_address>
         <size>0xfd</size>
         <input_file_ref idref="fl-2"/>
      </object_component>
      <object_component id="oc-b1">
         <name>.debug_str</name>
         <load_address>0x3a4</load_address>
         <run_address>0x3a4</run_address>
         <size>0x33d</size>
         <input_file_ref idref="fl-2"/>
      </object_component>
      <object_component id="oc-79">
         <name>.debug_str</name>
         <load_address>0x6e1</load_address>
         <run_address>0x6e1</run_address>
         <size>0x13f</size>
         <input_file_ref idref="fl-2"/>
      </object_component>
      <object_component id="oc-13d">
         <name>.debug_str</name>
         <load_address>0x820</load_address>
         <run_address>0x820</run_address>
         <size>0x141</size>
         <input_file_ref idref="fl-9"/>
      </object_component>
      <object_component id="oc-136">
         <name>.debug_str</name>
         <load_address>0x961</load_address>
         <run_address>0x961</run_address>
         <size>0xf5</size>
         <input_file_ref idref="fl-9"/>
      </object_component>
      <object_component id="oc-110">
         <name>.debug_str</name>
         <load_address>0xa56</load_address>
         <run_address>0xa56</run_address>
         <size>0x241</size>
         <input_file_ref idref="fl-9"/>
      </object_component>
      <object_component id="oc-9e">
         <name>.debug_aranges</name>
         <load_address>0x0</load_address>
         <run_address>0x0</run_address>
         <size>0x20</size>
         <input_file_ref idref="fl-2"/>
      </object_component>
      <object_component id="oc-28">
         <name>.debug_aranges</name>
         <load_address>0x20</load_address>
         <run_address>0x20</run_address>
         <size>0x38</size>
         <input_file_ref idref="fl-3"/>
      </object_component>
      <object_component id="oc-c6">
         <name>.debug_aranges</name>
         <load_address>0x58</load_address>
         <run_address>0x58</run_address>
         <size>0x20</size>
         <input_file_ref idref="fl-9"/>
      </object_component>
      <object_component id="oc-54">
         <name>.debug_aranges</name>
         <load_address>0x78</load_address>
         <run_address>0x78</run_address>
         <size>0x20</size>
         <input_file_ref idref="fl-c4"/>
      </object_component>
      <object_component id="oc-97">
         <name>.debug_aranges</name>
         <load_address>0x98</load_address>
         <run_address>0x98</run_address>
         <size>0x20</size>
         <input_file_ref idref="fl-c8"/>
      </object_component>
      <object_component id="oc-cb">
         <name>.debug_aranges</name>
         <load_address>0xb8</load_address>
         <run_address>0xb8</run_address>
         <size>0x20</size>
         <input_file_ref idref="fl-ca"/>
      </object_component>
      <object_component id="oc-9d">
         <name>.debug_pubnames</name>
         <load_address>0x0</load_address>
         <run_address>0x0</run_address>
         <size>0x1b</size>
         <input_file_ref idref="fl-2"/>
      </object_component>
      <object_component id="oc-14">
         <name>.debug_pubnames</name>
         <load_address>0x1b</load_address>
         <run_address>0x1b</run_address>
         <size>0x23</size>
         <input_file_ref idref="fl-3"/>
      </object_component>
      <object_component id="oc-2c">
         <name>.debug_pubnames</name>
         <load_address>0x3e</load_address>
         <run_address>0x3e</run_address>
         <size>0x4c</size>
         <input_file_ref idref="fl-3"/>
      </object_component>
      <object_component id="oc-c5">
         <name>.debug_pubnames</name>
         <load_address>0x8a</load_address>
         <run_address>0x8a</run_address>
         <size>0x25</size>
         <input_file_ref idref="fl-9"/>
      </object_component>
      <object_component id="oc-26">
         <name>.debug_pubnames</name>
         <load_address>0xaf</load_address>
         <run_address>0xaf</run_address>
         <size>0x1e</size>
         <input_file_ref idref="fl-c4"/>
      </object_component>
      <object_component id="oc-57">
         <name>.debug_pubnames</name>
         <load_address>0xcd</load_address>
         <run_address>0xcd</run_address>
         <size>0x2d</size>
         <input_file_ref idref="fl-c4"/>
      </object_component>
      <object_component id="oc-98">
         <name>.debug_pubnames</name>
         <load_address>0xfa</load_address>
         <run_address>0xfa</run_address>
         <size>0x27</size>
         <input_file_ref idref="fl-c8"/>
      </object_component>
      <object_component id="oc-ce">
         <name>.debug_pubnames</name>
         <load_address>0x121</load_address>
         <run_address>0x121</run_address>
         <size>0x1c</size>
         <input_file_ref idref="fl-ca"/>
      </object_component>
      <object_component id="oc-71">
         <name>.debug_pubtypes</name>
         <load_address>0x0</load_address>
         <run_address>0x0</run_address>
         <size>0x25c</size>
         <input_file_ref idref="fl-2"/>
      </object_component>
      <object_component id="oc-37">
         <name>.debug_pubtypes</name>
         <load_address>0x25c</load_address>
         <run_address>0x25c</run_address>
         <size>0xed</size>
         <input_file_ref idref="fl-2"/>
      </object_component>
      <object_component id="oc-ae">
         <name>.debug_pubtypes</name>
         <load_address>0x349</load_address>
         <run_address>0x349</run_address>
         <size>0x330</size>
         <input_file_ref idref="fl-2"/>
      </object_component>
      <object_component id="oc-76">
         <name>.debug_pubtypes</name>
         <load_address>0x679</load_address>
         <run_address>0x679</run_address>
         <size>0xaa</size>
         <input_file_ref idref="fl-2"/>
      </object_component>
      <object_component id="oc-13a">
         <name>.debug_pubtypes</name>
         <load_address>0x723</load_address>
         <run_address>0x723</run_address>
         <size>0x28</size>
         <input_file_ref idref="fl-9"/>
      </object_component>
      <object_component id="oc-133">
         <name>.debug_pubtypes</name>
         <load_address>0x74b</load_address>
         <run_address>0x74b</run_address>
         <size>0xff</size>
         <input_file_ref idref="fl-9"/>
      </object_component>
      <object_component id="oc-10d">
         <name>.debug_pubtypes</name>
         <load_address>0x84a</load_address>
         <run_address>0x84a</run_address>
         <size>0x1c6</size>
         <input_file_ref idref="fl-9"/>
      </object_component>
   </object_component_list>
   <logical_group_list>
      <logical_group id="lg-3" display="no" color="cyan">
         <name>.intvecs</name>
         <load_address>0x0</load_address>
         <run_address>0x0</run_address>
         <size>0x26c</size>
         <contents>
            <object_component_ref idref="oc-12"/>
         </contents>
      </logical_group>
      <logical_group id="lg-4" display="no" color="cyan">
         <name>.text</name>
         <load_address>0x26c</load_address>
         <run_address>0x26c</run_address>
         <size>0x14a</size>
         <contents>
            <object_component_ref idref="oc-c3"/>
            <object_component_ref idref="oc-53"/>
            <object_component_ref idref="oc-9b"/>
            <object_component_ref idref="oc-27"/>
            <object_component_ref idref="oc-10a"/>
            <object_component_ref idref="oc-95"/>
            <object_component_ref idref="oc-ca"/>
         </contents>
      </logical_group>
      <logical_group id="lg-5" display="no" color="cyan">
         <name>.const</name>
         <run_address>0x0</run_address>
         <size>0x0</size>
         <contents>
         </contents>
      </logical_group>
      <logical_group id="lg-6" display="no" color="cyan">
         <name>.cinit</name>
         <run_address>0x0</run_address>
         <size>0x0</size>
         <contents>
         </contents>
      </logical_group>
      <logical_group id="lg-7" display="no" color="cyan">
         <name>.pinit</name>
         <run_address>0x0</run_address>
         <size>0x0</size>
         <contents>
         </contents>
      </logical_group>
      <logical_group id="lg-8" display="no" color="cyan">
         <name>.init_array</name>
         <run_address>0x0</run_address>
         <size>0x0</size>
         <contents>
         </contents>
      </logical_group>
      <logical_group id="lg-9" display="no" color="cyan">
         <name>.vtable</name>
         <run_address>0x0</run_address>
         <size>0x0</size>
         <contents>
         </contents>
      </logical_group>
      <logical_group id="lg-a" display="no" color="cyan">
         <name>.data</name>
         <run_address>0x0</run_address>
         <size>0x0</size>
         <contents>
         </contents>
      </logical_group>
      <logical_group id="lg-b" display="no" color="cyan">
         <name>.bss</name>
         <run_address>0x0</run_address>
         <size>0x0</size>
         <contents>
         </contents>
      </logical_group>
      <logical_group id="lg-c" display="no" color="cyan">
         <name>.sysmem</name>
         <run_address>0x0</run_address>
         <size>0x0</size>
         <contents>
         </contents>
      </logical_group>
      <logical_group id="lg-d" display="no" color="cyan">
         <name>.stack</name>
         <run_address>0x20000000</run_address>
         <size>0x200</size>
         <contents>
            <object_component_ref idref="oc-24"/>
            <object_component_ref idref="oc-199"/>
         </contents>
      </logical_group>
      <logical_group id="lg-16e" display="no" color="cyan">
         <name>.TI.noinit</name>
         <run_address>0x0</run_address>
         <size>0x0</size>
         <contents>
         </contents>
      </logical_group>
      <logical_group id="lg-16f" display="no" color="cyan">
         <name>.TI.persistent</name>
         <run_address>0x0</run_address>
         <size>0x0</size>
         <contents>
         </contents>
      </logical_group>
      <logical_group id="lg-170" display="no" color="cyan">
         <name>__llvm_prf_cnts</name>
         <run_address>0x20000000</run_address>
         <size>0x0</size>
         <contents>
         </contents>
      </logical_group>
      <logical_group id="lg-17f" display="never" color="cyan">
         <name>.debug_info</name>
         <load_address>0x0</load_address>
         <run_address>0x0</run_address>
         <size>0x1d57</size>
         <contents>
            <object_component_ref idref="oc-b2"/>
            <object_component_ref idref="oc-9c"/>
            <object_component_ref idref="oc-70"/>
            <object_component_ref idref="oc-36"/>
            <object_component_ref idref="oc-ad"/>
            <object_component_ref idref="oc-75"/>
            <object_component_ref idref="oc-2f"/>
            <object_component_ref idref="oc-13"/>
            <object_component_ref idref="oc-2b"/>
            <object_component_ref idref="oc-111"/>
            <object_component_ref idref="oc-c4"/>
            <object_component_ref idref="oc-139"/>
            <object_component_ref idref="oc-132"/>
            <object_component_ref idref="oc-10c"/>
            <object_component_ref idref="oc-25"/>
            <object_component_ref idref="oc-56"/>
            <object_component_ref idref="oc-96"/>
            <object_component_ref idref="oc-cd"/>
            <object_component_ref idref="oc-19a"/>
         </contents>
      </logical_group>
      <logical_group id="lg-181" display="never" color="cyan">
         <name>.debug_line</name>
         <load_address>0x0</load_address>
         <run_address>0x0</run_address>
         <size>0x759</size>
         <contents>
            <object_component_ref idref="oc-109"/>
            <object_component_ref idref="oc-a0"/>
            <object_component_ref idref="oc-73"/>
            <object_component_ref idref="oc-39"/>
            <object_component_ref idref="oc-b0"/>
            <object_component_ref idref="oc-78"/>
            <object_component_ref idref="oc-6f"/>
            <object_component_ref idref="oc-2e"/>
            <object_component_ref idref="oc-29"/>
            <object_component_ref idref="oc-138"/>
            <object_component_ref idref="oc-c7"/>
            <object_component_ref idref="oc-13c"/>
            <object_component_ref idref="oc-135"/>
            <object_component_ref idref="oc-10f"/>
            <object_component_ref idref="oc-6c"/>
            <object_component_ref idref="oc-55"/>
            <object_component_ref idref="oc-9a"/>
            <object_component_ref idref="oc-cc"/>
         </contents>
      </logical_group>
      <logical_group id="lg-183" display="never" color="cyan">
         <name>.debug_frame</name>
         <load_address>0x0</load_address>
         <run_address>0x0</run_address>
         <size>0x273</size>
         <contents>
            <object_component_ref idref="oc-9f"/>
            <object_component_ref idref="oc-2a"/>
            <object_component_ref idref="oc-c8"/>
            <object_component_ref idref="oc-58"/>
            <object_component_ref idref="oc-99"/>
            <object_component_ref idref="oc-cf"/>
         </contents>
      </logical_group>
      <logical_group id="lg-185" display="never" color="cyan">
         <name>.debug_abbrev</name>
         <load_address>0x0</load_address>
         <run_address>0x0</run_address>
         <size>0x5a4</size>
         <contents>
            <object_component_ref idref="oc-108"/>
            <object_component_ref idref="oc-c9"/>
            <object_component_ref idref="oc-72"/>
            <object_component_ref idref="oc-38"/>
            <object_component_ref idref="oc-af"/>
            <object_component_ref idref="oc-77"/>
            <object_component_ref idref="oc-6e"/>
            <object_component_ref idref="oc-2d"/>
            <object_component_ref idref="oc-6d"/>
            <object_component_ref idref="oc-137"/>
            <object_component_ref idref="oc-10b"/>
            <object_component_ref idref="oc-13b"/>
            <object_component_ref idref="oc-134"/>
            <object_component_ref idref="oc-10e"/>
            <object_component_ref idref="oc-6b"/>
            <object_component_ref idref="oc-a2"/>
            <object_component_ref idref="oc-c2"/>
            <object_component_ref idref="oc-112"/>
            <object_component_ref idref="oc-19b"/>
         </contents>
      </logical_group>
      <logical_group id="lg-187" display="never" color="cyan">
         <name>.debug_str</name>
         <load_address>0x0</load_address>
         <run_address>0x0</run_address>
         <size>0xc97</size>
         <contents>
            <object_component_ref idref="oc-74"/>
            <object_component_ref idref="oc-3a"/>
            <object_component_ref idref="oc-b1"/>
            <object_component_ref idref="oc-79"/>
            <object_component_ref idref="oc-13d"/>
            <object_component_ref idref="oc-136"/>
            <object_component_ref idref="oc-110"/>
         </contents>
      </logical_group>
      <logical_group id="lg-189" display="never" color="cyan">
         <name>.debug_aranges</name>
         <load_address>0x0</load_address>
         <run_address>0x0</run_address>
         <size>0xd8</size>
         <contents>
            <object_component_ref idref="oc-9e"/>
            <object_component_ref idref="oc-28"/>
            <object_component_ref idref="oc-c6"/>
            <object_component_ref idref="oc-54"/>
            <object_component_ref idref="oc-97"/>
            <object_component_ref idref="oc-cb"/>
         </contents>
      </logical_group>
      <logical_group id="lg-18b" display="never" color="cyan">
         <name>.debug_pubnames</name>
         <load_address>0x0</load_address>
         <run_address>0x0</run_address>
         <size>0x13d</size>
         <contents>
            <object_component_ref idref="oc-9d"/>
            <object_component_ref idref="oc-14"/>
            <object_component_ref idref="oc-2c"/>
            <object_component_ref idref="oc-c5"/>
            <object_component_ref idref="oc-26"/>
            <object_component_ref idref="oc-57"/>
            <object_component_ref idref="oc-98"/>
            <object_component_ref idref="oc-ce"/>
         </contents>
      </logical_group>
      <logical_group id="lg-18d" display="never" color="cyan">
         <name>.debug_pubtypes</name>
         <load_address>0x0</load_address>
         <run_address>0x0</run_address>
         <size>0xa10</size>
         <contents>
            <object_component_ref idref="oc-71"/>
            <object_component_ref idref="oc-37"/>
            <object_component_ref idref="oc-ae"/>
            <object_component_ref idref="oc-76"/>
            <object_component_ref idref="oc-13a"/>
            <object_component_ref idref="oc-133"/>
            <object_component_ref idref="oc-10d"/>
         </contents>
      </logical_group>
      <logical_group id="lg-198" display="no" color="cyan">
         <name>Veneer$$CMSE</name>
         <run_address>0x0</run_address>
         <size>0x0</size>
         <contents>
         </contents>
      </logical_group>
      <load_segment id="lg-19c" display="no" color="cyan">
         <name>SEGMENT_0</name>
         <load_address>0x0</load_address>
         <run_address>0x0</run_address>
         <size>0x3b6</size>
         <flags>0x5</flags>
         <contents>
            <logical_group_ref idref="lg-3"/>
            <logical_group_ref idref="lg-4"/>
         </contents>
      </load_segment>
      <load_segment id="lg-19d" display="no" color="cyan">
         <name>SEGMENT_1</name>
         <run_address>0x20000000</run_address>
         <size>0x200</size>
         <flags>0x6</flags>
         <contents>
            <logical_group_ref idref="lg-d"/>
         </contents>
      </load_segment>
   </logical_group_list>
   <placement_map>
      <memory_area display="yes" color="green">
         <name>FLASH</name>
         <page_id>0x0</page_id>
         <origin>0x0</origin>
         <length>0x40000</length>
         <used_space>0x3b6</used_space>
         <unused_space>0x3fc4a</unused_space>
         <attributes>RX</attributes>
         <usage_details>
            <allocated_space>
               <start_address>0x0</start_address>
               <size>0x26c</size>
               <logical_group_ref idref="lg-3"/>
            </allocated_space>
            <allocated_space>
               <start_address>0x26c</start_address>
               <size>0x14a</size>
               <logical_group_ref idref="lg-4"/>
            </allocated_space>
            <available_space>
               <start_address>0x3b6</start_address>
               <size>0x3fc4a</size>
            </available_space>
         </usage_details>
      </memory_area>
      <memory_area display="yes" color="green">
         <name>SRAM</name>
         <page_id>0x0</page_id>
         <origin>0x20000000</origin>
         <length>0x8000</length>
         <used_space>0x200</used_space>
         <unused_space>0x7e00</unused_space>
         <attributes>RWX</attributes>
         <usage_details>
            <allocated_space>
               <start_address>0x20000000</start_address>
               <size>0x0</size>
               <logical_group_ref idref="lg-170"/>
            </allocated_space>
            <allocated_space>
               <start_address>0x20000000</start_address>
               <size>0x200</size>
               <logical_group_ref idref="lg-d"/>
            </allocated_space>
            <available_space>
               <start_address>0x20000200</start_address>
               <size>0x7e00</size>
            </available_space>
         </usage_details>
      </memory_area>
   </placement_map>
   <symbol_table>
      <symbol id="sm-1">
         <name>__STACK_TOP</name>
         <value>0x20000200</value>
      </symbol>
      <symbol id="sm-2">
         <name>__start___llvm_prf_cnts</name>
         <value>0x20000000</value>
      </symbol>
      <symbol id="sm-3">
         <name>__stop___llvm_prf_cnts</name>
         <value>0x20000000</value>
      </symbol>
      <symbol id="sm-4">
         <name>binit</name>
         <value>0xffffffff</value>
      </symbol>
      <symbol id="sm-5">
         <name>__binit__</name>
         <value>0xffffffff</value>
      </symbol>
      <symbol id="sm-6">
         <name>__STACK_SIZE</name>
         <value>0x200</value>
      </symbol>
      <symbol id="sm-7">
         <name>__STACK_END</name>
         <value>0x20000200</value>
      </symbol>
      <symbol id="sm-8">
         <name>__c_args__</name>
         <value>0xffffffff</value>
      </symbol>
      <symbol id="sm-9">
         <name>__TI_pprof_out_hndl</name>
         <value>0xffffffff</value>
      </symbol>
      <symbol id="sm-a">
         <name>__TI_prof_data_start</name>
         <value>0xffffffff</value>
      </symbol>
      <symbol id="sm-b">
         <name>__TI_prof_data_size</name>
         <value>0xffffffff</value>
      </symbol>
      <symbol id="sm-c">
         <name>__TI_static_base__</name>
         <value>0x0</value>
      </symbol>
      <symbol id="sm-46">
         <name>main</name>
         <value>0x38d</value>
         <object_component_ref idref="oc-9b"/>
      </symbol>
      <symbol id="sm-62">
         <name>ResetISR</name>
         <value>0x39d</value>
         <object_component_ref idref="oc-27"/>
      </symbol>
      <symbol id="sm-63">
         <name>g_pfnVectors</name>
         <value>0x0</value>
         <object_component_ref idref="oc-12"/>
      </symbol>
      <symbol id="sm-90">
         <name>SysCtlClockSet</name>
         <value>0x26d</value>
         <object_component_ref idref="oc-c3"/>
      </symbol>
      <symbol id="sm-91">
         <name>SysCtlDelay</name>
         <value>0x3a9</value>
         <object_component_ref idref="oc-10a"/>
      </symbol>
      <symbol id="sm-a8">
         <name>_c_int00_noinit_noargs</name>
         <value>0x361</value>
         <object_component_ref idref="oc-53"/>
      </symbol>
      <symbol id="sm-a9">
         <name>__stack</name>
         <value>0x20000000</value>
         <object_component_ref idref="oc-24"/>
      </symbol>
      <symbol id="sm-b6">
         <name>_system_pre_init</name>
         <value>0x3af</value>
         <object_component_ref idref="oc-95"/>
      </symbol>
      <symbol id="sm-c2">
         <name>C$$EXIT</name>
         <value>0x3b3</value>
         <object_component_ref idref="oc-ca"/>
      </symbol>
      <symbol id="sm-c3">
         <name>abort</name>
         <value>0x3b3</value>
         <object_component_ref idref="oc-ca"/>
      </symbol>
      <symbol id="sm-c6">
         <name>__mpu_init</name>
         <value>0x0</value>
      </symbol>
   </symbol_table>
   <title>Link successful</title>
</link_info>
